[
  {
    "inputs": [
      { "internalType": "uint256", "name": "_amount", "type": "uint256" },
      { "internalType": "string", "name": "_activityType", "type": "string" },
      { "internalType": "bool", "name": "_isReduction", "type": "bool" }
    ],
    "name": "logEmission",
    "outputs": [],
    "stateMutability": "nonpayable",
    "type": "function"
  },
  {
    "inputs": [ { "internalType": "address", "name": "_user", "type": "address" } ],
    "name": "getUserStats",
    "outputs": [
      { "internalType": "uint256", "name": "totalEmissions", "type": "uint256" },
      { "internalType": "uint256", "name": "totalPoints", "type": "uint256" },
      { "internalType": "uint256", "name": "currentStreak", "type": "uint256" },
      { "internalType": "uint256", "name": "recordCount", "type": "uint256" }
    ],
    "stateMutability": "view",
    "type": "function"
  }
]
